ID,명칭,경도,위도
3,정문3(교차로),127.074458301716,37.5493442613594
19,중앙도로2,127.074390464984,37.5497264111565
21,중앙도로4(교차로),127.074066233979,37.5500751708127
42,중앙도로6,127.07445713005,37.5504470288569
43,중앙도로7(교차로),127.074671293897,37.5506521305963
44,중앙도로8,127.074353822766,37.5509468275363
45,중앙도로9(진관홀),127.074014824468,37.5511951321547
64,AI센터1,127.074875491356,37.5507938654937
65,AI센터2,127.075063969581,37.5510650450527
